soc_code,title,emp_2014_thousands,emp_2024_projected_thousands
11-1011,Chief executives,343.4,339.4
11-1021,General and operations managers,2124.1,2275.2
11-1031,Legislators,58.3,57.9
11-2011,Advertising and promotions managers,31.0,32.4
11-2021,Marketing managers,194.3,212.5
11-2022,Sales managers,376.3,395.3
11-2031,Public relations and fundraising managers,65.8,70.5
11-3011,Administrative services managers,287.3,310.8
11-3021,Computer and information systems managers,348.5,402.2
11-3031,Financial managers,555.9,593.5
11-3051,Industrial production managers,173.4,167.0
11-3061,Purchasing managers,73.0,73.7
11-3071,"Transportation, storage, and distribution managers",111.6,114.1
11-3111,Compensation and benefits managers,16.9,18.0
11-3121,Human resources managers,122.5,133.3
11-3131,Training and development managers,32.9,35.2
11-9013,"Farmers, ranchers, and other agricultural managers",929.8,911.7
11-9021,Construction managers,373.2,391.1
11-9031,"Education administrators, preschool and childcare center/program",64.0,68.2
11-9032,"Education administrators, elementary and secondary school",240.0,254.0
11-9033,"Education administrators, postsecondary",175.1,190.3
11-9039,"Education administrators, all other",37.8,39.3
11-9041,Architectural and engineering managers,182.1,185.8
11-9051,Food service managers,305.0,320.7
11-9061,Funeral service managers,29.3,30.3
11-9071,Gaming managers,3.8,3.8
11-9081,Lodging managers,48.4,52.1
11-9111,Medical and health services managers,333.0,389.3
11-9121,Natural sciences managers,55.1,56.9
11-9131,Postmasters and mail superintendents,17.3,12.8
11-9141,"Property, real estate, and community association managers",313.8,339.1
11-9151,Social and community service managers,138.5,151.7
11-9161,Emergency management directors,10.5,11.2
11-9199,"Managers, all other",985.6,1023.6
13-1011,"Agents and business managers of artists, performers, and athletes",19.7,20.2
13-1021,"Buyers and purchasing agents, farm products",12.9,13.5
13-1022,"Wholesale and retail buyers, except farm products",129.5,137.5
13-1023,"Purchasing agents, except wholesale, retail, and farm products",300.8,299.3
13-1031,"Claims adjusters, examiners, and investigators",299.7,309.5
13-1032,"Insurance appraisers, auto damage",15.5,15.4
13-1041,Compliance officers,260.3,269.0
13-1051,Cost estimators,213.5,232.3
13-1071,Human resources specialists,482.0,503.9
13-1074,Farm labor contractors,0.1,0.1
13-1075,Labor relations specialists,82.1,75.6
13-1081,Logisticians,130.4,132.9
13-1111,Management analysts,758.0,861.4
13-1121,"Meeting, convention, and event planners",100.0,109.9
13-1131,Fundraisers,73.4,80.3
13-1141,"Compensation, benefits, and job analysis specialists",84.7,88.1
13-1151,Training and development specialists,252.6,271.5
13-1161,Market research analysts and marketing specialists,495.5,587.8
13-1199,"Business operations specialists, all other",998.0,1046.0
13-2011,Accountants and auditors,1332.7,1475.1
13-2021,Appraisers and assessors of real estate,85.8,92.5
13-2031,Budget analysts,60.8,62.3
13-2041,Credit analysts,69.4,73.6
13-2051,Financial analysts,277.6,310.0
13-2052,Personal financial advisors,249.4,323.2
13-2053,Insurance underwriters,103.4,91.6
13-2061,Financial examiners,38.2,42.0
13-2071,Credit counselors,32.6,37.6
13-2072,Loan officers,303.2,327.7
13-2081,"Tax examiners and collectors, and revenue agents",67.9,63.7
13-2082,Tax preparers,90.4,91.8
13-2099,"Financial specialists, all other",145.2,152.3
15-1111,Computer and information research scientists,25.6,28.3
15-1121,Computer systems analysts,567.8,686.3
15-1122,Information security analysts,82.9,97.7
15-1131,Computer programmers,328.6,302.2
15-1132,"Software developers, applications",718.4,853.7
15-1133,"Software developers, systems software",395.6,447.0
15-1134,Web developers,148.5,188.0
15-1141,Database administrators,120.0,133.4
15-1142,Network and computer systems administrators,382.6,412.8
15-1143,Computer network architects,146.2,158.9
15-1151,Computer user support specialists,585.9,661.0
15-1152,Computer network support specialists,181.0,194.6
15-1199,"Computer occupations, all other",233.0,240.8
15-2011,Actuaries,24.6,29.0
15-2021,Mathematicians,3.5,4.2
15-2031,Operations research analysts,91.3,118.9
15-2041,Statisticians,30.0,40.1
15-2091,Mathematical technicians,1.2,1.1
15-2099,"Mathematical science occupations, all other",1.8,1.9
17-1011,"Architects, except landscape and naval",112.6,120.4
17-1012,Landscape architects,22.5,23.7
17-1021,Cartographers and photogrammetrists,12.3,15.9
17-1022,Surveyors,44.3,43.4
17-2011,Aerospace engineers,72.5,70.8
17-2021,Agricultural engineers,2.9,3.0
17-2031,Biomedical engineers,22.1,27.2
17-2041,Chemical engineers,34.3,34.9
17-2051,Civil engineers,281.4,305.0
17-2061,Computer hardware engineers,77.7,80.1
17-2071,Electrical engineers,178.4,180.2
17-2072,"Electronics engineers, except computer",137.4,135.5
17-2081,Environmental engineers,55.1,62.0
17-2111,"Health and safety engineers, except mining safety engineers and inspectors",25.2,26.8
17-2112,Industrial engineers,241.1,243.2
17-2121,Marine engineers and naval architects,8.3,9.0
17-2131,Materials engineers,25.3,25.6
17-2141,Mechanical engineers,277.5,292.1
17-2151,"Mining and geological engineers, including mining safety engineers",8.3,8.8
17-2161,Nuclear engineers,16.8,16.2
17-2171,Petroleum engineers,35.1,38.5
17-2199,"Engineers, all other",136.9,142.3
17-3011,Architectural and civil drafters,94.0,91.2
17-3012,Electrical and electronics drafters,30.1,31.7
17-3013,Mechanical drafters,65.7,61.2
17-3019,"Drafters, all other",14.7,14.2
17-3021,Aerospace engineering and operations technicians,11.4,11.8
17-3022,Civil engineering technicians,74.0,77.6
17-3023,Electrical and electronics engineering technicians,139.4,136.6
17-3024,Electro-mechanical technicians,14.7,14.8
17-3025,Environmental engineering technicians,18.6,20.4
17-3026,Industrial engineering technicians,66.5,63.5
17-3027,Mechanical engineering technicians,48.4,49.3
17-3029,"Engineering technicians, except drafters, all other",70.1,69.9
17-3031,Surveying and mapping technicians,57.3,52.9
19-1011,Animal scientists,2.9,3.2
19-1012,Food scientists and technologists,15.4,16.0
19-1013,Soil and plant scientists,17.7,18.9
19-1021,Biochemists and biophysicists,34.1,36.9
19-1022,Microbiologists,22.4,23.2
19-1023,Zoologists and wildlife biologists,21.3,22.2
19-1029,"Biological scientists, all other",36.4,36.2
19-1031,Conservation scientists,21.1,22.5
19-1032,Foresters,15.5,16.8
19-1041,Epidemiologists,5.8,6.1
19-1042,"Medical scientists, except epidemiologists",107.9,116.8
19-1099,"Life scientists, all other",10.6,11.3
19-2011,Astronomers,1.9,1.9
19-2012,Physicists,18.1,19.5
19-2021,Atmospheric and space scientists,11.8,12.9
19-2031,Chemists,91.1,93.5
19-2032,Materials scientists,7.3,7.5
19-2041,"Environmental scientists and specialists, including health",94.6,104.8
19-2042,"Geoscientists, except hydrologists and geographers",36.4,40.2
19-2043,Hydrologists,7.0,7.5
19-2099,"Physical scientists, all other",28.5,28.8
19-3011,Economists,21.5,22.7
19-3022,Survey researchers,16.7,18.7
19-3031,"Clinical, counseling, and school psychologists",155.3,185.9
19-3032,Industrial-organizational psychologists,2.0,2.3
19-3039,"Psychologists, all other",16.6,18.3
19-3041,Sociologists,2.6,2.5
19-3051,Urban and regional planners,38.0,40.4
19-3091,Anthropologists and archeologists,7.7,8.0
19-3092,Geographers,1.4,1.4
19-3093,Historians,3.5,3.5
19-3094,Political scientists,6.2,6.0
19-3099,"Social scientists and related workers, all other",35.6,34.9
19-4011,Agricultural and food science technicians,33.0,34.7
19-4021,Biological technicians,79.3,83.5
19-4031,Chemical technicians,66.5,67.7
19-4041,Geological and petroleum technicians,16.5,18.5
19-4051,Nuclear technicians,6.8,6.4
19-4061,Social science research assistants,32.0,33.8
19-4091,"Environmental science and protection technicians, including health",36.2,39.6
19-4092,Forensic science technicians,14.4,18.2
19-4093,Forest and conservation technicians,32.6,30.8
19-4099,"Life, physical, and social science technicians, all other",78.2,83.5
21-1011,Substance abuse and behavioral disorder counselors,94.9,116.2
21-1012,"Educational, guidance, school, and vocational counselors",273.4,295.9
21-1013,Marriage and family therapists,33.7,38.7
21-1014,Mental health counselors,134.5,160.9
21-1015,Rehabilitation counselors,120.1,130.9
21-1019,"Counselors, all other",31.0,34.4
21-1021,"Child, family, and school social workers",305.2,324.2
21-1022,Healthcare social workers,160.1,191.0
21-1023,Mental health and substance abuse social workers,117.8,140.0
21-1029,"Social workers, all other",66.4,68.9
21-1091,Health educators,61.4,68.9
21-1092,Probation officers and correctional treatment specialists,91.7,95.0
21-1093,Social and human service assistants,386.6,430.8
21-1094,Community health workers,54.3,62.4
21-1099,"Community and social service specialists, all other",102.7,111.1
21-2011,Clergy,244.2,258.0
21-2021,"Directors, religious activities and education",131.9,137.5
21-2099,"Religious workers, all other",55.9,58.5
23-1011,Lawyers,778.7,822.5
23-1012,Judicial law clerks,12.4,11.6
23-1021,"Administrative law judges, adjudicators, and hearing officers",15.0,14.5
23-1022,"Arbitrators, mediators, and conciliators",8.4,9.2
23-1023,"Judges, magistrate judges, and magistrates",29.7,29.9
23-2011,Paralegals and legal assistants,279.5,300.8
23-2091,Court reporters,20.8,21.1
23-2093,"Title examiners, abstractors, and searchers",71.1,70.8
23-2099,"Legal support workers, all other",52.6,52.4
25-1011,"Business teachers, postsecondary",106.8,116.2
25-1021,"Computer science teachers, postsecondary",43.4,47.2
25-1022,"Mathematical science teachers, postsecondary",63.5,73.9
25-1031,"Architecture teachers, postsecondary",9.1,9.9
25-1032,"Engineering teachers, postsecondary",46.0,52.0
25-1041,"Agricultural sciences teachers, postsecondary",12.1,12.8
25-1042,"Biological science teachers, postsecondary",64.3,74.8
25-1043,"Forestry and conservation science teachers, postsecondary",2.3,2.4
25-1051,"Atmospheric, earth, marine, and space sciences teachers, postsecondary",13.2,14.3
25-1052,"Chemistry teachers, postsecondary",26.6,30.7
25-1053,"Environmental science teachers, postsecondary",6.7,7.3
25-1054,"Physics teachers, postsecondary",17.7,20.4
25-1061,"Anthropology and archeology teachers, postsecondary",7.5,8.2
25-1062,"Area, ethnic, and cultural studies teachers, postsecondary",11.6,13.3
25-1063,"Economics teachers, postsecondary",17.3,18.9
25-1064,"Geography teachers, postsecondary",5.4,5.9
25-1065,"Political science teachers, postsecondary",21.6,23.7
25-1066,"Psychology teachers, postsecondary",47.3,54.7
25-1067,"Sociology teachers, postsecondary",20.7,23.9
25-1069,"Social sciences teachers, postsecondary, all other",12.9,15.1
25-1071,"Health specialties teachers, postsecondary",210.4,250.4
25-1072,"Nursing instructors and teachers, postsecondary",68.6,81.8
25-1081,"Education teachers, postsecondary",75.7,82.5
25-1082,"Library science teachers, postsecondary",5.6,6.0
25-1111,"Criminal justice and law enforcement teachers, postsecondary",17.4,21.1
25-1112,"Law teachers, postsecondary",21.1,25.7
25-1113,"Social work teachers, postsecondary",13.7,15.6
25-1121,"Art, drama, and music teachers, postsecondary",120.7,133.7
25-1122,"Communications teachers, postsecondary",36.0,39.5
25-1123,"English language and literature teachers, postsecondary",90.8,100.2
25-1124,"Foreign language and literature teachers, postsecondary",37.2,41.3
25-1125,"History teachers, postsecondary",29.2,32.1
25-1126,"Philosophy and religion teachers, postsecondary",30.7,34.2
25-1191,Graduate teaching assistants,159.2,169.1
25-1192,"Home economics teachers, postsecondary",4.3,3.8
25-1193,"Recreation and fitness studies teachers, postsecondary",22.1,24.3
25-1194,"Vocational education teachers, postsecondary",138.5,147.6
25-1199,"Postsecondary teachers, all other",232.3,254.0
25-2011,"Preschool teachers, except special education",441.0,470.6
25-2012,"Kindergarten teachers, except special education",159.4,168.9
25-2021,"Elementary school teachers, except special education",1358.0,1436.3
25-2022,"Middle school teachers, except special and career/technical education",627.5,664.2
25-2023,"Career/technical education teachers, middle school",13.7,14.6
25-2031,"Secondary school teachers, except special and career/technical education",961.6,1017.5
25-2032,"Career/technical education teachers, secondary school",79.6,79.9
25-2051,"Special education teachers, preschool",25.5,27.8
25-2052,"Special education teachers, kindergarten and elementary school",198.1,210.6
25-2053,"Special education teachers, middle school",93.0,98.5
25-2054,"Special education teachers, secondary school",134.0,141.9
25-2059,"Special education teachers, all other",40.4,43.3
25-3011,Adult basic and secondary education and literacy teachers and instructors,77.5,83.0
25-3021,Self-enrichment education teachers,348.7,402.2
25-3099,"Teachers and instructors, all other",982.5,1049.0
25-4011,Archivists,6.9,7.4
25-4012,Curators,13.1,14.1
25-4013,Museum technicians and conservators,11.3,11.9
25-4021,Librarians,143.1,145.7
25-4031,Library technicians,101.8,107.1
25-9011,Audio-visual and multimedia collections specialists,10.0,10.8
25-9021,Farm and home management advisors,10.8,11.9
25-9031,Instructional coordinators,151.1,161.6
25-9041,Teacher assistants,1234.1,1312.8
25-9099,"Education, training, and library workers, all other",124.0,133.1
27-1011,Art directors,74.6,76.4
27-1012,Craft artists,10.6,10.6
27-1013,"Fine artists, including painters, sculptors, and illustrators",26.3,27.1
27-1014,Multimedia artists and animators,64.4,68.3
27-1019,"Artists and related workers, all other",13.4,13.5
27-1021,Commercial and industrial designers,38.4,39.2
27-1022,Fashion designers,23.1,23.8
27-1023,Floral designers,58.7,56.7
27-1024,Graphic designers,261.6,265.2
27-1025,Interior designers,58.9,61.1
27-1026,Merchandise displayers and window trimmers,120.8,124.1
27-1027,Set and exhibit designers,13.3,14.2
27-1029,"Designers, all other",8.9,9.5
27-2011,Actors,69.4,76.1
27-2012,Producers and directors,122.6,133.8
27-2021,Athletes and sports competitors,13.7,14.5
27-2022,Coaches and scouts,250.6,265.4
27-2023,"Umpires, referees, and other sports officials",19.8,20.7
27-2031,Dancers,13.0,13.6
27-2032,Choreographers,7.1,7.5
27-2041,Music directors and composers,82.1,84.7
27-2042,Musicians and singers,173.3,179.3
27-2099,"Entertainers and performers, sports and related workers, all other",30.0,32.1
27-3011,Radio and television announcers,42.3,36.3
27-3012,Public address system and other announcers,10.2,10.5
27-3021,Broadcast news analysts,5.1,4.5
27-3022,Reporters and correspondents,49.3,45.1
27-3031,Public relations specialists,240.7,255.6
27-3041,Editors,117.2,111.0
27-3042,Technical writers,52.0,57.3
27-3043,Writers and authors,136.5,139.7
27-3091,Interpreters and translators,61.0,78.5
27-3099,"Media and communication workers, all other",33.5,37.0
27-4011,Audio and video equipment technicians,70.9,79.4
27-4012,Broadcast technicians,30.1,28.2
27-4013,Radio operators,1.2,1.2
27-4014,Sound engineering technicians,16.1,17.4
27-4021,Photographers,124.9,128.8
27-4031,"Camera operators, television, video, and motion picture",25.4,25.9
27-4032,Film and video editors,33.5,39.4
27-4099,"Media and communication equipment workers, all other",19.4,18.7
29-1011,Chiropractors,45.2,53.1
29-1021,"Dentists, general",129.0,152.3
29-1022,Oral and maxillofacial surgeons,6.8,8.0
29-1023,Orthodontists,8.2,9.7
29-1024,Prosthodontists,0.8,1.0
29-1029,"Dentists, all other specialists",6.7,7.3
29-1031,Dietitians and nutritionists,66.7,77.6
29-1041,Optometrists,40.6,51.6
29-1051,Pharmacists,297.1,306.2
29-1061,Anesthesiologists,33.7,40.8
29-1062,Family and general practitioners,139.8,154.1
29-1063,"Internists, general",54.3,59.4
29-1064,Obstetricians and gynecologists,24.4,28.7
29-1065,"Pediatricians, general",34.8,38.4
29-1066,Psychiatrists,28.2,32.4
29-1067,Surgeons,46.0,55.1
29-1069,"Physicians and surgeons, all other",347.2,398.8
29-1071,Physician assistants,94.4,123.2
29-1081,Podiatrists,9.6,11.0
29-1122,Occupational therapists,114.6,145.1
29-1123,Physical therapists,210.9,282.7
29-1124,Radiation therapists,16.6,18.9
29-1125,Recreational therapists,18.6,20.9
29-1126,Respiratory therapists,120.7,135.5
29-1127,Speech-language pathologists,135.4,164.3
29-1128,Exercise physiologists,14.5,16.0
29-1129,"Therapists, all other",24.7,30.5
29-1131,Veterinarians,78.3,85.2
29-1141,Registered nurses,2751.0,3190.3
29-1151,Nurse anesthetists,38.2,45.6
29-1161,Nurse midwives,5.3,6.6
29-1171,Nurse practitioners,126.9,171.7
29-1181,Audiologists,13.2,16.9
29-1199,"Health diagnosing and treating practitioners, all other",50.1,56.1
29-2011,Medical and clinical laboratory technologists,164.8,187.9
29-2012,Medical and clinical laboratory technicians,163.4,192.4
29-2021,Dental hygienists,200.5,237.9
29-2031,Cardiovascular technologists and technicians,52.0,63.5
29-2032,Diagnostic medical sonographers,60.7,76.7
29-2033,Nuclear medicine technologists,20.7,21.0
29-2034,Radiologic technologists,197.0,214.2
29-2035,Magnetic resonance imaging technologists,33.6,37.1
29-2041,Emergency medical technicians and paramedics,241.2,299.6
29-2051,Dietetic technicians,29.3,33.2
29-2052,Pharmacy technicians,372.5,407.2
29-2053,Psychiatric technicians,67.9,71.4
29-2054,Respiratory therapy technicians,10.7,8.7
29-2055,Surgical technologists,99.8,114.5
29-2056,Veterinary technologists and technicians,95.6,113.6
29-2057,Ophthalmic medical technicians,37.0,46.1
29-2061,Licensed practical and licensed vocational nurses,719.9,837.2
29-2071,Medical records and health information technicians,188.6,217.6
29-2081,"Opticians, dispensing",75.2,93.0
29-2091,Orthotists and prosthetists,8.3,10.1
29-2092,Hearing aid specialists,5.9,7.5
29-2099,"Health technologists and technicians, all other",102.2,125.9
29-9011,Occupational health and safety specialists,70.3,73.1
29-9012,Occupational health and safety technicians,15.1,16.5
29-9091,Athletic trainers,25.4,30.8
29-9092,Genetic counselors,2.4,3.1
29-9099,"Healthcare practitioners and technical workers, all other",44.2,50.3
31-1011,Home health aides,913.5,1261.9
31-1013,Psychiatric aides,77.3,81.4
31-1014,Nursing assistants,1492.1,1754.1
31-1015,Orderlies,53.0,58.8
31-2011,Occupational therapy assistants,33.0,47.1
31-2012,Occupational therapy aides,8.8,11.6
31-2021,Physical therapist assistants,78.7,110.7
31-2022,Physical therapist aides,50.0,69.5
31-9011,Massage therapists,168.8,205.2
31-9091,Dental assistants,318.8,377.4
31-9092,Medical assistants,591.3,730.2
31-9093,Medical equipment preparers,52.0,59.3
31-9094,Medical transcriptionists,70.0,67.8
31-9095,Pharmacy aides,41.5,41.6
31-9096,Veterinary assistants and laboratory animal caretakers,73.4,80.0
31-9097,Phlebotomists,112.7,140.8
31-9099,"Healthcare support workers, all other",102.7,114.7
33-1011,First-line supervisors of correctional officers,47.6,49.1
33-1012,First-line supervisors of police and detectives,108.1,112.7
33-1021,First-line supervisors of fire fighting and prevention workers,63.5,66.8
33-1099,"First-line supervisors of protective service workers, all other",68.7,71.9
33-2011,Firefighters,327.3,344.7
33-2021,Fire inspectors and investigators,12.4,13.1
33-2022,Forest fire inspectors and prevention specialists,1.7,2.0
33-3011,Bailiffs,17.3,18.1
33-3012,Correctional officers and jailers,457.6,474.7
33-3021,Detectives and criminal investigators,116.7,115.3
33-3031,Fish and game wardens,6.2,6.3
33-3041,Parking enforcement workers,9.4,7.4
33-3051,Police and sheriff's patrol officers,680.0,714.2
33-3052,Transit and railroad police,3.6,3.7
33-9011,Animal control workers,15.0,15.9
33-9021,Private detectives and investigators,34.9,36.7
33-9031,Gaming surveillance officers and gaming investigators,7.0,6.6
33-9032,Security guards,1095.4,1150.9
33-9091,Crossing guards,69.8,74.2
33-9092,"Lifeguards, ski patrol, and other recreational protective service workers",141.3,150.8
33-9093,Transportation security screeners,46.6,42.4
33-9099,"Protective service workers, all other",113.8,120.4
35-1011,Chefs and head cooks,127.5,138.8
35-1012,First-line supervisors of food preparation and serving workers,890.1,978.6
35-2011,"Cooks, fast food",524.4,444.0
35-2012,"Cooks, institution and cafeteria",417.6,443.9
35-2013,"Cooks, private household",35.9,36.2
35-2014,"Cooks, restaurant",1109.7,1268.7
35-2015,"Cooks, short order",181.6,172.3
35-2019,"Cooks, all other",21.5,22.8
35-2021,Food preparation workers,873.9,928.8
35-3011,Bartenders,580.9,640.9
35-3021,"Combined food preparation and serving workers, including fast food",3159.7,3503.2
35-3022,"Counter attendants, cafeteria, food concession, and coffee shop",481.2,510.0
35-3031,Waiters and waitresses,2465.1,2534.0
35-3041,"Food servers, nonrestaurant",253.1,287.0
35-9011,Dining room and cafeteria attendants and bartender helpers,415.3,440.7
35-9021,Dishwashers,507.4,487.9
35-9031,"Hosts and hostesses, restaurant, lounge, and coffee shop",376.4,393.2
35-9099,"Food preparation and serving related workers, all other",46.1,49.6
37-1011,First-line supervisors of housekeeping and janitorial workers,247.9,262.8
37-1012,"First-line supervisors of landscaping, lawn service, and groundskeeping workers",178.0,187.4
37-2011,"Janitors and cleaners, except maids and housekeeping cleaners",2360.6,2496.9
37-2012,Maids and housekeeping cleaners,1457.7,1569.4
37-2019,"Building cleaning workers, all other",16.9,17.7
37-2021,Pest control workers,74.1,73.2
37-3011,Landscaping and groundskeeping workers,1167.8,1239.6
37-3012,"Pesticide handlers, sprayers, and applicators, vegetation",36.4,37.8
37-3013,Tree trimmers and pruners,53.2,56.2
37-3019,"Grounds maintenance workers, all other",24.5,26.1
39-1011,Gaming supervisors,27.8,28.0
39-1012,Slot supervisors,7.1,6.9
39-1021,First-line supervisors of personal service workers,255.8,283.8
39-2011,Animal trainers,36.8,40.9
39-2021,Nonfarm animal caretakers,204.8,226.4
39-3011,Gaming dealers,68.5,68.9
39-3012,Gaming and sports book writers and runners,11.5,11.9
39-3019,"Gaming service workers, all other",13.2,13.4
39-3021,Motion picture projectionists,6.7,5.5
39-3031,"Ushers, lobby attendants, and ticket takers",113.9,120.0
39-3091,Amusement and recreation attendants,288.6,310.9
39-3092,Costume attendants,6.2,6.7
39-3093,"Locker room, coatroom, and dressing room attendants",18.6,19.4
39-3099,"Entertainment attendants and related workers, all other",16.9,19.8
39-4011,Embalmers,3.8,3.6
39-4021,Funeral attendants,36.1,35.7
39-4031,"Morticians, undertakers, and funeral directors",31.1,33.2
39-5011,Barbers,59.2,65.1
39-5012,"Hairdressers, hairstylists, and cosmetologists",597.2,655.6
39-5091,"Makeup artists, theatrical and performance",3.6,4.3
39-5092,Manicurists and pedicurists,113.6,125.3
39-5093,Shampooers,23.8,26.2
39-5094,Skincare specialists,55.0,61.6
39-6011,Baggage porters and bellhops,43.6,47.1
39-6012,Concierges,31.2,34.4
39-7011,Tour guides and escorts,43.5,45.7
39-7012,Travel guides,3.9,3.9
39-9011,Childcare workers,1260.6,1329.9
39-9021,Personal care aides,1768.4,2226.5
39-9031,Fitness trainers and aerobics instructors,279.1,302.5
39-9032,Recreation workers,379.3,418.3
39-9041,Residential advisors,103.7,117.9
39-9099,"Personal care and service workers, all other",93.2,99.1
41-1011,First-line supervisors of retail sales workers,1537.8,1605.4
41-1012,First-line supervisors of non-retail sales workers,430.7,451.0
41-2011,Cashiers,3424.2,3491.1
41-2012,Gaming change persons and booth cashiers,13.3,11.9
41-2021,Counter and rental clerks,442.1,458.5
41-2022,Parts salespersons,234.7,251.5
41-2031,Retail salespersons,4624.9,4939.1
41-3011,Advertising sales agents,167.9,163.4
41-3021,Insurance sales agents,466.1,509.5
41-3031,"Securities, commodities, and financial services sales agents",341.5,374.0
41-3041,Travel agents,74.1,65.4
41-3099,"Sales representatives, services, all other",853.5,924.1
41-4011,"Sales representatives, wholesale and manufacturing, technical and scientific products",347.8,371.7
41-4012,"Sales representatives, wholesale and manufacturing, except technical and scientific products",1453.1,1546.5
41-9011,Demonstrators and product promoters,93.0,101.3
41-9012,Models,5.8,5.8
41-9021,Real estate brokers,83.9,85.4
41-9022,Real estate sales agents,337.4,346.8
41-9031,Sales engineers,69.9,74.9
41-9041,Telemarketers,237.9,230.8
41-9091,"Door-to-door sales workers, news and street vendors, and related workers",80.2,79.1
41-9099,"Sales and related workers, all other",103.0,114.0
43-1011,First-line supervisors of office and administrative support workers,1466.1,1587.3
43-2011,"Switchboard operators, including answering service",112.4,75.4
43-2021,Telephone operators,13.1,7.5
43-2099,"Communications equipment operators, all other",3.3,3.5
43-3011,Bill and account collectors,350.4,330.9
43-3021,Billing and posting clerks,514.6,581.1
43-3031,"Bookkeeping, accounting, and auditing clerks",1760.3,1611.5
43-3041,Gaming cage workers,11.3,11.9
43-3051,Payroll and timekeeping clerks,172.8,166.9
43-3061,Procurement clerks,72.3,66.3
43-3071,Tellers,520.5,480.5
43-3099,"Financial clerks, all other",38.1,41.6
43-4011,Brokerage clerks,57.2,62.4
43-4021,Correspondence clerks,8.4,7.2
43-4031,"Court, municipal, and license clerks",140.8,147.1
43-4041,"Credit authorizers, checkers, and clerks",46.1,43.3
43-4051,Customer service representatives,2581.8,2834.8
43-4061,"Eligibility interviewers, government programs",129.9,132.0
43-4071,File clerks,159.0,150.1
43-4081,"Hotel, motel, and resort desk clerks",243.2,265.1
43-4111,"Interviewers, except eligibility and loan",198.0,208.3
43-4121,"Library assistants, clerical",108.8,114.7
43-4131,Loan interviewers and clerks,213.8,232.3
43-4141,New accounts clerks,52.9,48.6
43-4151,Order clerks,195.9,194.3
43-4161,"Human resources assistants, except payroll and timekeeping",140.6,134.8
43-4171,Receptionists and information clerks,1028.6,1126.3
43-4181,Reservation and transportation ticket agents and travel clerks,140.8,138.8
43-4199,"Information and record clerks, all other",188.5,193.0
43-5011,Cargo and freight agents,78.8,84.3
43-5021,Couriers and messengers,92.9,97.7
43-5031,"Police, fire, and ambulance dispatchers",102.0,99.0
43-5032,"Dispatchers, except police, fire, and ambulance",199.5,208.2
43-5041,"Meter readers, utilities",37.4,30.6
43-5051,Postal service clerks,69.6,51.3
43-5052,Postal service mail carriers,297.4,219.4
43-5053,"Postal service mail sorters, processors, and processing machine operators",117.6,78.0
43-5061,"Production, planning, and expediting clerks",304.6,310.9
43-5071,"Shipping, receiving, and traffic clerks",670.2,655.7
43-5081,Stock clerks and order fillers,1878.1,1971.1
43-5111,"Weighers, measurers, checkers, and samplers, recordkeeping",71.3,71.2
43-6011,Executive secretaries and executive administrative assistants,776.6,732.0
43-6012,Legal secretaries,215.5,206.7
43-6013,Medical secretaries,527.6,635.8
43-6014,"Secretaries and administrative assistants, except legal, medical, and executive",2457.0,2521.1
43-9011,Computer operators,61.1,49.5
43-9021,Data entry keyers,216.8,208.9
43-9022,Word processors and typists,90.7,76.5
43-9031,Desktop publishers,14.8,11.7
43-9041,Insurance claims and policy processing clerks,285.4,303.1
43-9051,"Mail clerks and mail machine operators, except postal service",104.9,85.1
43-9061,"Office clerks, general",3062.5,3158.2
43-9071,"Office machine operators, except computer",69.6,58.0
43-9081,Proofreaders and copy markers,13.6,13.3
43-9111,Statistical assistants,16.6,14.8
43-9199,"Office and administrative support workers, all other",264.5,282.9
45-1011,"First-line supervisors of farming, fishing, and forestry workers",47.1,43.3
45-2011,Agricultural inspectors,14.2,14.1
45-2021,Animal breeders,7.0,6.9
45-2041,"Graders and sorters, agricultural products",53.0,48.9
45-2091,Agricultural equipment operators,57.8,60.9
45-2092,"Farmworkers and laborers, crop, nursery, and greenhouse",470.2,427.3
45-2093,"Farmworkers, farm, ranch, and aquacultural animals",216.1,209.1
45-2099,"Agricultural workers, all other",10.6,10.0
45-3000,Fishing and hunting workers,28.4,28.2
45-4011,Forest and conservation workers,14.0,14.6
45-4021,Fallers,8.2,6.8
45-4022,Logging equipment operators,37.3,37.1
45-4023,Log graders and scalers,3.7,3.7
45-4029,"Logging workers, all other",4.5,4.1
47-1011,First-line supervisors of construction trades and extraction workers,578.4,636.1
47-2011,Boilermakers,17.4,19.0
47-2021,Brickmasons and blockmasons,78.1,92.6
47-2022,Stonemasons,14.9,17.1
47-2031,Carpenters,945.4,1005.8
47-2041,Carpet installers,45.3,45.1
47-2042,"Floor layers, except carpet, wood, and hard tiles",17.1,19.2
47-2043,Floor sanders and finishers,7.9,8.4
47-2044,Tile and marble setters,55.1,58.7
47-2051,Cement masons and concrete finishers,155.2,175.5
47-2053,Terrazzo workers and finishers,3.4,3.6
47-2061,Construction laborers,1159.1,1306.5
47-2071,"Paving, surfacing, and tamping equipment operators",57.7,63.0
47-2072,Pile-driver operators,3.7,4.3
47-2073,Operating engineers and other construction equipment operators,363.4,400.6
47-2081,Drywall and ceiling tile installers,106.0,111.5
47-2082,Tapers,21.0,22.1
47-2111,Electricians,628.8,714.7
47-2121,Glaziers,45.3,47.2
47-2131,"Insulation workers, floor, ceiling, and wall",25.6,27.1
47-2132,"Insulation workers, mechanical",30.1,35.9
47-2141,"Painters, construction and maintenance",360.5,387.1
47-2142,Paperhangers,6.4,6.6
47-2151,Pipelayers,45.7,51.0
47-2152,"Plumbers, pipefitters, and steamfitters",425.0,474.1
47-2161,Plasterers and stucco masons,27.0,28.9
47-2171,Reinforcing iron and rebar workers,18.7,23.1
47-2181,Roofers,123.4,139.3
47-2211,Sheet metal workers,141.0,150.5
47-2221,Structural iron and steel workers,61.4,64.2
47-2231,Solar photovoltaic installers,5.9,7.4
47-3011,"Helpers--brickmasons, blockmasons, stonemasons, and tile and marble setters",23.5,28.8
47-3012,Helpers--carpenters,39.7,42.7
47-3013,Helpers--electricians,69.0,81.5
47-3014,"Helpers--painters, paperhangers, plasterers, and stucco masons",11.9,13.1
47-3015,"Helpers--pipelayers, plumbers, pipefitters, and steamfitters",52.4,59.4
47-3016,Helpers--roofers,11.3,13.0
47-3019,"Helpers, construction trades, all other",19.5,21.5
47-4011,Construction and building inspectors,101.2,109.2
47-4021,Elevator installers and repairers,20.7,23.4
47-4031,Fence erectors,24.4,26.4
47-4041,Hazardous materials removal workers,43.7,47.0
47-4051,Highway maintenance workers,151.3,158.6
47-4061,Rail-track laying and maintenance equipment operators,15.6,17.0
47-4071,Septic tank servicers and sewer pipe cleaners,24.7,28.7
47-4091,Segmental pavers,1.3,1.4
47-4099,"Construction and related workers, all other",35.4,37.8
47-5011,"Derrick operators, oil and gas",21.7,24.6
47-5012,"Rotary drill operators, oil and gas",27.7,31.2
47-5013,"Service unit operators, oil, gas, and mining",64.9,69.6
47-5021,"Earth drillers, except oil and gas",20.0,22.7
47-5031,"Explosives workers, ordnance handling experts, and blasters",8.1,8.4
47-5041,Continuous mining machine operators,12.3,11.6
47-5042,Mine cutting and channeling machine operators,7.4,7.3
47-5049,"Mining machine operators, all other",2.6,2.6
47-5051,"Rock splitters, quarry",3.7,3.9
47-5061,"Roof bolters, mining",6.0,5.3
47-5071,"Roustabouts, oil and gas",76.4,82.7
47-5081,Helpers--extraction workers,25.8,29.0
47-5099,"Extraction workers, all other",5.7,6.3
49-1011,"First-line supervisors of mechanics, installers, and repairers",447.1,471.4
49-2011,"Computer, automated teller, and office machine repairers",131.6,134.8
49-2021,"Radio, cellular, and tower equipment installers and repairs",13.6,14.4
49-2022,"Telecommunications equipment installers and repairers, except line installers",218.6,210.8
49-2091,Avionics technicians,17.4,17.5
49-2092,"Electric motor, power tool, and related repairers",19.3,20.0
49-2093,"Electrical and electronics installers and repairers, transportation equipment",14.8,15.4
49-2094,"Electrical and electronics repairers, commercial and industrial equipment",67.8,67.8
49-2095,"Electrical and electronics repairers, powerhouse, substation, and relay",22.7,21.7
49-2096,"Electronic equipment installers and repairers, motor vehicles",11.5,5.8
49-2097,Electronic home entertainment equipment installers and repairers,29.6,30.3
49-2098,Security and fire alarm systems installers,64.0,72.3
49-3011,Aircraft mechanics and service technicians,119.9,121.5
49-3021,Automotive body and related repairers,149.7,163.5
49-3022,Automotive glass installers and repairers,19.3,20.8
49-3023,Automotive service technicians and mechanics,739.9,779.0
49-3031,Bus and truck mechanics and diesel engine specialists,263.9,295.5
49-3041,Farm equipment mechanics and service technicians,40.3,43.2
49-3042,"Mobile heavy equipment mechanics, except engines",124.7,131.3
49-3043,Rail car repairers,21.5,22.0
49-3051,Motorboat mechanics and service technicians,22.5,23.1
49-3052,Motorcycle mechanics,17.0,18.0
49-3053,Outdoor power equipment and other small engine mechanics,32.3,33.8
49-3091,Bicycle repairers,10.8,13.2
49-3092,Recreational vehicle service technicians,11.4,11.8
49-3093,Tire repairers and changers,105.5,109.9
49-9011,Mechanical door repairers,17.4,19.3
49-9012,"Control and valve installers and repairers, except mechanical door",42.4,42.6
49-9021,"Heating, air conditioning, and refrigeration mechanics and installers",292.0,331.6
49-9031,Home appliance repairers,46.4,44.8
49-9041,Industrial machinery mechanics,332.2,391.9
49-9043,"Maintenance workers, machinery",91.2,98.7
49-9044,Millwrights,40.9,47.1
49-9045,"Refractory materials repairers, except brickmasons",1.8,1.8
49-9051,Electrical power-line installers and repairers,118.6,131.6
49-9052,Telecommunications line installers and repairers,118.0,118.7
49-9061,Camera and photographic equipment repairers,3.7,3.8
49-9062,Medical equipment repairers,48.0,50.9
49-9063,Musical instrument repairers and tuners,8.6,8.9
49-9064,Watch repairers,2.7,2.0
49-9069,"Precision instrument and equipment repairers, all other",12.8,13.0
49-9071,"Maintenance and repair workers, general",1374.7,1458.1
49-9081,Wind turbine service technicians,4.4,9.2
49-9091,"Coin, vending, and amusement machine servicers and repairers",34.9,31.9
49-9092,Commercial divers,4.4,6.0
49-9093,"Fabric menders, except garment",0.8,0.7
49-9094,Locksmiths and safe repairers,20.9,17.8
49-9095,Manufactured building and mobile home installers,4.0,2.8
49-9096,Riggers,20.8,22.6
49-9097,Signal and track switch repairers,9.5,9.5
49-9098,"Helpers--installation, maintenance, and repair workers",129.0,141.2
49-9099,"Installation, maintenance, and repair workers, all other",163.5,170.6
51-1011,First-line supervisors of production and operating workers,606.9,588.2
51-2011,"Aircraft structure, surfaces, rigging, and systems assemblers",40.6,38.6
51-2021,"Coil winders, tapers, and finishers",14.9,14.1
51-2022,Electrical and electronic equipment assemblers,207.2,197.0
51-2023,Electromechanical equipment assemblers,47.2,44.7
51-2031,Engine and other machine assemblers,39.0,39.0
51-2041,Structural metal fabricators and fitters,79.2,80.8
51-2091,Fiberglass laminators and fabricators,19.2,18.6
51-2092,Team assemblers,1144.2,1137.7
51-2093,Timing device assemblers and adjusters,1.7,1.6
51-2099,"Assemblers and fabricators, all other",240.7,252.2
51-3011,Bakers,185.3,198.3
51-3021,Butchers and meat cutters,139.0,146.0
51-3022,"Meat, poultry, and fish cutters and trimmers",152.4,152.3
51-3023,Slaughterers and meat packers,86.4,85.9
51-3091,"Food and tobacco roasting, baking, and drying machine operators and tenders",18.5,18.7
51-3092,Food batchmakers,122.5,122.0
51-3093,Food cooking machine operators and tenders,37.5,38.0
51-3099,"Food processing workers, all other",44.4,47.7
51-4011,"Computer-controlled machine tool operators, metal and plastic",148.8,174.8
51-4012,"Computer numerically controlled machine tool programmers, metal and plastic",25.1,29.9
51-4021,"Extruding and drawing machine setters, operators, and tenders, metal and plastic",73.4,55.5
51-4022,"Forging machine setters, operators, and tenders, metal and plastic",21.6,17.0
51-4023,"Rolling machine setters, operators, and tenders, metal and plastic",33.7,29.1
51-4031,"Cutting, punching, and press machine setters, operators, and tenders, metal and plastic",192.2,152.7
51-4032,"Drilling and boring machine tool setters, operators, and tenders, metal and plastic",17.8,14.1
51-4033,"Grinding, lapping, polishing, and buffing machine tool setters, operators, and tenders, metal and plastic",71.4,55.8
51-4034,"Lathe and turning machine tool setters, operators, and tenders, metal and plastic",42.9,34.3
51-4035,"Milling and planing machine setters, operators, and tenders, metal and plastic",22.4,17.8
51-4041,Machinists,399.7,438.9
51-4051,Metal-refining furnace operators and tenders,21.2,20.2
51-4052,"Pourers and casters, metal",9.8,7.2
51-4061,"Model makers, metal and plastic",6.2,4.9
51-4062,"Patternmakers, metal and plastic",3.8,2.9
51-4071,Foundry mold and coremakers,12.0,8.7
51-4072,"Molding, coremaking, and casting machine setters, operators, and tenders, metal and plastic",129.5,97.2
51-4081,"Multiple machine tool setters, operators, and tenders, metal and plastic",99.8,97.3
51-4111,Tool and die makers,77.8,67.7
51-4121,"Welders, cutters, solderers, and brazers",397.9,412.3
51-4122,"Welding, soldering, and brazing machine setters, operators, and tenders",59.5,48.8
51-4191,"Heat treating equipment setters, operators, and tenders, metal and plastic",21.3,17.2
51-4192,"Layout workers, metal and plastic",13.4,10.7
51-4193,"Plating and coating machine setters, operators, and tenders, metal and plastic",36.1,29.4
51-4194,"Tool grinders, filers, and sharpeners",11.5,9.5
51-4199,"Metal workers and plastic workers, all other",22.4,18.7
51-5111,Prepress technicians and workers,36.5,27.5
51-5112,Printing press operators,173.0,151.4
51-5113,Print binding and finishing workers,51.2,44.2
51-6011,Laundry and dry-cleaning workers,208.2,212.0
51-6021,"Pressers, textile, garment, and related materials",51.5,48.1
51-6031,Sewing machine operators,153.9,112.2
51-6041,Shoe and leather workers and repairers,9.7,8.2
51-6042,Shoe machine operators and tenders,3.5,2.5
51-6051,"Sewers, hand",12.0,10.8
51-6052,"Tailors, dressmakers, and custom sewers",40.5,37.0
51-6061,Textile bleaching and dyeing machine operators and tenders,11.7,8.9
51-6062,"Textile cutting machine setters, operators, and tenders",14.3,10.6
51-6063,"Textile knitting and weaving machine setters, operators, and tenders",27.9,20.6
51-6064,"Textile winding, twisting, and drawing out machine setters, operators, and tenders",26.0,20.3
51-6091,"Extruding and forming machine setters, operators, and tenders, synthetic and glass fibers",20.1,17.3
51-6092,Fabric and apparel patternmakers,5.4,4.0
51-6093,Upholsterers,42.2,40.4
51-6099,"Textile, apparel, and furnishings workers, all other",16.2,14.3
51-7011,Cabinetmakers and bench carpenters,98.1,99.3
51-7021,Furniture finishers,17.1,16.7
51-7031,"Model makers, wood",2.6,2.6
51-7032,"Patternmakers, wood",1.8,1.8
51-7041,"Sawing machine setters, operators, and tenders, wood",50.0,49.5
51-7042,"Woodworking machine setters, operators, and tenders, except sawing",72.1,70.4
51-7099,"Woodworkers, all other",12.9,12.9
51-8011,Nuclear power reactor operators,7.5,7.4
51-8012,Power distributors and dispatchers,11.4,10.8
51-8013,Power plant operators,41.1,38.4
51-8021,Stationary engineers and boiler operators,39.1,39.7
51-8031,Water and wastewater treatment plant and system operators,117.0,124.0
51-8091,Chemical plant and system operators,38.1,34.6
51-8092,Gas plant operators,16.7,16.1
51-8093,"Petroleum pump system operators, refinery operators, and gaugers",42.4,43.4
51-8099,"Plant and system operators, all other",11.9,11.5
51-9011,Chemical equipment operators and tenders,66.3,60.8
51-9012,"Separating, filtering, clarifying, precipitating, and still machine setters, operators, and tenders",43.8,43.3
51-9021,"Crushing, grinding, and polishing machine setters, operators, and tenders",30.2,27.9
51-9022,"Grinding and polishing workers, hand",29.9,27.3
51-9023,"Mixing and blending machine setters, operators, and tenders",125.1,119.2
51-9031,"Cutters and trimmers, hand",15.8,13.0
51-9032,"Cutting and slicing machine setters, operators, and tenders",63.6,58.4
51-9041,"Extruding, forming, pressing, and compacting machine setters, operators, and tenders",68.2,59.0
51-9051,"Furnace, kiln, oven, drier, and kettle operators and tenders",20.9,18.9
51-9061,"Inspectors, testers, sorters, samplers, and weighers",496.6,495.5
51-9071,Jewelers and precious stone and metal workers,39.8,35.3
51-9081,Dental laboratory technicians,38.7,42.9
51-9082,Medical appliance technicians,14.6,16.1
51-9083,Ophthalmic laboratory technicians,30.2,33.2
51-9111,Packaging and filling machine operators and tenders,378.4,382.2
51-9121,"Coating, painting, and spraying machine setters, operators, and tenders",97.7,97.0
51-9122,"Painters, transportation equipment",54.3,57.5
51-9123,"Painting, coating, and decorating workers",17.5,17.2
51-9141,Semiconductor processors,25.3,23.2
51-9151,Photographic process workers and processing machine operators,28.8,19.4
51-9191,Adhesive bonding machine operators and tenders,18.4,17.1
51-9192,"Cleaning, washing, and metal pickling equipment operators and tenders",18.5,18.6
51-9193,Cooling and freezing equipment operators and tenders,8.8,8.7
51-9194,Etchers and engravers,9.7,9.5
51-9195,"Molders, shapers, and casters, except metal and plastic",41.4,38.9
51-9196,"Paper goods machine setters, operators, and tenders",91.9,82.0
51-9197,Tire builders,18.1,15.6
51-9198,Helpers--production workers,419.2,403.2
51-9199,"Production workers, all other",236.2,244.0
53-1011,Aircraft cargo handling supervisors,5.8,5.8
53-1021,"First-line supervisors of helpers, laborers, and material movers, hand",173.1,176.9
53-1031,First-line supervisors of transportation and material-moving machine and vehicle operators,199.7,205.6
53-2011,"Airline pilots, copilots, and flight engineers",75.7,76.5
53-2012,Commercial pilots,43.5,48.0
53-2021,Air traffic controllers,24.5,22.4
53-2022,Airfield operations specialists,7.2,7.5
53-2031,Flight attendants,97.9,100.1
53-3011,"Ambulance drivers and attendants, except emergency medical technicians",19.6,26.1
53-3021,"Bus drivers, transit and intercity",167.8,177.6
53-3022,"Bus drivers, school or special client",497.3,524.9
53-3031,Driver/sales workers,445.3,466.1
53-3032,Heavy and tractor-trailer truck drivers,1797.7,1896.4
53-3033,Light truck or delivery services drivers,884.7,911.9
53-3041,Taxi drivers and chauffeurs,233.7,264.4
53-3099,"Motor vehicle operators, all other",62.0,67.3
53-4011,Locomotive engineers,40.4,39.5
53-4012,Locomotive firers,1.7,0.5
53-4013,"Rail yard engineers, dinkey operators, and hostlers",4.0,4.1
53-4021,"Railroad brake, signal, and switch operators",22.1,21.7
53-4031,Railroad conductors and yardmasters,45.1,44.3
53-4041,Subway and streetcar operators,12.0,12.5
53-4099,"Rail transportation workers, all other",3.8,3.9
53-5011,Sailors and marine oilers,28.3,30.9
53-5021,"Captains, mates, and pilots of water vessels",35.1,38.7
53-5022,Motorboat operators,4.7,5.0
53-5031,Ship engineers,10.3,11.1
53-6011,Bridge and lock tenders,3.5,3.4
53-6021,Parking lot attendants,135.6,141.3
53-6031,Automotive and watercraft service attendants,105.8,117.6
53-6041,Traffic technicians,6.8,7.2
53-6051,Transportation inspectors,26.4,26.7
53-6061,"Transportation attendants, except flight attendants",16.5,17.6
53-6099,"Transportation workers, all other",40.2,41.6
53-7011,Conveyor operators and tenders,39.7,39.6
53-7021,Crane and tower operators,45.5,49.0
53-7031,Dredge operators,2.2,2.3
53-7032,Excavating and loading machine and dragline operators,53.9,57.3
53-7033,"Loading machine operators, underground mining",4.8,4.8
53-7041,Hoist and winch operators,2.9,2.9
53-7051,Industrial truck and tractor operators,530.9,543.5
53-7061,Cleaners of vehicles and equipment,346.9,380.0
53-7062,"Laborers and freight, stock, and material movers, hand",2441.3,2566.4
53-7063,Machine feeders and offbearers,104.2,100.7
53-7064,"Packers and packagers, hand",695.4,706.9
53-7071,Gas compressor and gas pumping station operators,5.1,5.3
53-7072,"Pump operators, except wellhead pumpers",13.1,14.2
53-7073,Wellhead pumpers,13.9,15.8
53-7081,Refuse and recyclable material collectors,131.5,140.9
53-7111,Mine shuttle car operators,2.7,2.6
53-7121,"Tank car, truck, and ship loaders",13.0,13.5
53-7199,"Material moving workers, all other",23.6,24.7
